TaskID,TaskStatus,ResourceAllocated,TimeSpent,Reward,Timestamp
1,pending,Resource1,0.36,2.73,2024-01-01 00:00:00
2,pending,Resource2,4.04,0.28,2024-01-01 00:30:00
3,completed,Resource10,4.93,0.01,2024-01-01 01:00:00
4,in-progress,Resource2,3.12,1.54,2024-01-01 01:30:00
5,in-progress,Resource8,1.96,2.4,2024-01-01 02:00:00
6,completed,Resource7,3.89,2.97,2024-01-01 02:30:00
7,completed,Resource6,3.63,0.94,2024-01-01 03:00:00
8,completed,Resource2,4.64,2.89,2024-01-01 03:30:00
9,pending,Resource5,4.28,1.48,2024-01-01 04:00:00
10,in-progress,Resource8,0.8,2.48,2024-01-01 04:30:00
11,in-progress,Resource8,1.81,2.12,2024-01-01 05:00:00
12,completed,Resource6,4.68,2.03,2024-01-01 05:30:00
13,in-progress,Resource5,2.98,0.79,2024-01-01 06:00:00
14,pending,Resource2,4.43,2.82,2024-01-01 06:30:00
15,pending,Resource7,2.26,2.19,2024-01-01 07:00:00
16,pending,Resource6,3.75,1.78,2024-01-01 07:30:00
17,in-progress,Resource7,2.66,1.14,2024-01-01 08:00:00
18,in-progress,Resource10,2.97,2.19,2024-01-01 08:30:00
19,in-progress,Resource7,2.44,2.96,2024-01-01 09:00:00
20,in-progress,Resource1,3.14,2.67,2024-01-01 09:30:00
21,completed,Resource3,1.77,2.21,2024-01-01 10:00:00
22,completed,Resource3,3.75,1.06,2024-01-01 10:30:00
23,in-progress,Resource7,1.82,1.4,2024-01-01 11:00:00
24,completed,Resource2,1.72,1.53,2024-01-01 11:30:00
25,in-progress,Resource7,1.12,2.08,2024-01-01 12:00:00
26,pending,Resource1,1.76,0.06,2024-01-01 12:30:00
27,pending,Resource7,4.48,1.41,2024-01-01 13:00:00
28,completed,Resource1,2.41,1.94,2024-01-01 13:30:00
29,in-progress,Resource10,3.62,0.53,2024-01-01 14:00:00
30,in-progress,Resource10,4.41,1.31,2024-01-01 14:30:00
31,pending,Resource1,0.18,2.51,2024-01-01 15:00:00
32,pending,Resource9,4.52,2.24,2024-01-01 15:30:00
33,in-progress,Resource8,1.48,2.95,2024-01-01 16:00:00
34,pending,Resource9,3.7,0.66,2024-01-01 16:30:00
35,in-progress,Resource3,3.39,1.23,2024-01-01 17:00:00
36,completed,Resource6,3.55,1.81,2024-01-01 17:30:00
37,in-progress,Resource6,3.58,2.58,2024-01-01 18:00:00
38,in-progress,Resource4,3.99,0.98,2024-01-01 18:30:00
39,completed,Resource5,4.63,1.1,2024-01-01 19:00:00
40,pending,Resource1,1.21,2.25,2024-01-01 19:30:00
41,pending,Resource6,4.53,0.99,2024-01-01 20:00:00
42,completed,Resource6,0.83,0.9,2024-01-01 20:30:00
43,in-progress,Resource3,2.22,0.29,2024-01-01 21:00:00
44,in-progress,Resource1,1.8,1.94,2024-01-01 21:30:00
45,completed,Resource9,0.17,0.01,2024-01-01 22:00:00
46,in-progress,Resource4,2.91,1.92,2024-01-01 22:30:00
47,completed,Resource6,0.41,0.73,2024-01-01 23:00:00
48,in-progress,Resource6,2.67,0.55,2024-01-01 23:30:00
49,completed,Resource9,0.24,1.2,2024-01-02 00:00:00
50,pending,Resource10,4.99,2.37,2024-01-02 00:30:00
51,pending,Resource1,1.36,0.51,2024-01-02 01:00:00
52,completed,Resource9,2.49,1.26,2024-01-02 01:30:00
53,completed,Resource5,1.31,2.85,2024-01-02 02:00:00
54,pending,Resource1,4.71,2.5,2024-01-02 02:30:00
55,in-progress,Resource8,0.41,2.59,2024-01-02 03:00:00
56,pending,Resource9,3.73,2.17,2024-01-02 03:30:00
57,pending,Resource4,2.95,1.78,2024-01-02 04:00:00
58,pending,Resource2,3.84,0.58,2024-01-02 04:30:00
59,completed,Resource1,0.98,2.33,2024-01-02 05:00:00
60,pending,Resource2,1.65,1.84,2024-01-02 05:30:00
61,completed,Resource9,2.38,2.47,2024-01-02 06:00:00
62,completed,Resource4,1.36,0.48,2024-01-02 06:30:00
63,completed,Resource3,4.25,2.38,2024-01-02 07:00:00
64,in-progress,Resource4,1.79,0.01,2024-01-02 07:30:00
65,in-progress,Resource9,3.94,2.23,2024-01-02 08:00:00
66,in-progress,Resource5,2.19,0.83,2024-01-02 08:30:00
67,completed,Resource7,1.29,2.06,2024-01-02 09:00:00
68,in-progress,Resource9,4.19,2.01,2024-01-02 09:30:00
69,completed,Resource7,2.21,1.09,2024-01-02 10:00:00
70,pending,Resource6,3.33,0.45,2024-01-02 10:30:00
71,completed,Resource9,1.52,0.58,2024-01-02 11:00:00
72,completed,Resource3,2.09,0.88,2024-01-02 11:30:00
73,pending,Resource1,2.17,0.06,2024-01-02 12:00:00
74,completed,Resource1,3.81,2.42,2024-01-02 12:30:00
75,pending,Resource6,4.77,1.93,2024-01-02 13:00:00
76,pending,Resource8,4.19,1.16,2024-01-02 13:30:00
77,in-progress,Resource6,0.05,0.58,2024-01-02 14:00:00
78,pending,Resource6,0.49,0.12,2024-01-02 14:30:00
79,completed,Resource6,2.23,1.29,2024-01-02 15:00:00
80,completed,Resource9,1.14,2.38,2024-01-02 15:30:00
81,pending,Resource6,1.37,1.91,2024-01-02 16:00:00
82,in-progress,Resource7,3.91,1.99,2024-01-02 16:30:00
83,pending,Resource8,0.19,2.06,2024-01-02 17:00:00
84,completed,Resource8,3.24,2.57,2024-01-02 17:30:00
85,completed,Resource9,3.22,2.2,2024-01-02 18:00:00
86,in-progress,Resource5,3.97,2.92,2024-01-02 18:30:00
87,pending,Resource3,2.85,2.6,2024-01-02 19:00:00
88,pending,Resource7,3.66,1.4,2024-01-02 19:30:00
89,completed,Resource3,3.13,0.37,2024-01-02 20:00:00
90,pending,Resource3,1.47,0.1,2024-01-02 20:30:00
91,pending,Resource6,4.38,0.14,2024-01-02 21:00:00
92,pending,Resource4,1.32,2.89,2024-01-02 21:30:00
93,completed,Resource6,1.59,1.9,2024-01-02 22:00:00
94,pending,Resource1,1.04,0.9,2024-01-02 22:30:00
95,pending,Resource3,0.18,2.43,2024-01-02 23:00:00
96,in-progress,Resource10,1.02,1.13,2024-01-02 23:30:00
97,pending,Resource3,0.86,0.75,2024-01-03 00:00:00
98,in-progress,Resource4,2.28,0.46,2024-01-03 00:30:00
99,pending,Resource8,4.72,2.42,2024-01-03 01:00:00
100,pending,Resource4,3.06,0.61,2024-01-03 01:30:00
101,completed,Resource8,3.34,1.7,2024-01-03 02:00:00
102,in-progress,Resource4,0.18,0.47,2024-01-03 02:30:00
103,pending,Resource8,4.35,0.74,2024-01-03 03:00:00
104,pending,Resource3,0.36,2.45,2024-01-03 03:30:00
105,pending,Resource8,4.5,2.21,2024-01-03 04:00:00
106,pending,Resource7,1.62,0.45,2024-01-03 04:30:00
107,completed,Resource10,2.69,2.89,2024-01-03 05:00:00
108,in-progress,Resource1,1.5,1.83,2024-01-03 05:30:00
109,pending,Resource1,2.21,0.51,2024-01-03 06:00:00
110,pending,Resource2,3.48,0.47,2024-01-03 06:30:00
111,pending,Resource6,1.94,0.0,2024-01-03 07:00:00
112,completed,Resource8,3.08,2.71,2024-01-03 07:30:00
113,pending,Resource10,3.62,1.62,2024-01-03 08:00:00
114,in-progress,Resource6,0.28,1.02,2024-01-03 08:30:00
115,pending,Resource5,2.46,1.33,2024-01-03 09:00:00
116,in-progress,Resource4,2.53,0.1,2024-01-03 09:30:00
117,pending,Resource6,3.93,1.98,2024-01-03 10:00:00
118,completed,Resource7,3.3,1.25,2024-01-03 10:30:00
119,in-progress,Resource9,2.47,1.0,2024-01-03 11:00:00
120,in-progress,Resource9,2.93,0.68,2024-01-03 11:30:00
121,in-progress,Resource2,4.8,2.44,2024-01-03 12:00:00
122,pending,Resource10,4.74,0.69,2024-01-03 12:30:00
123,in-progress,Resource8,4.98,0.89,2024-01-03 13:00:00
124,pending,Resource10,0.91,2.21,2024-01-03 13:30:00
125,pending,Resource10,3.93,1.15,2024-01-03 14:00:00
126,pending,Resource5,2.27,2.43,2024-01-03 14:30:00
127,pending,Resource9,1.63,2.29,2024-01-03 15:00:00
128,completed,Resource8,3.42,2.79,2024-01-03 15:30:00
129,completed,Resource2,4.55,0.06,2024-01-03 16:00:00
130,in-progress,Resource4,1.41,2.48,2024-01-03 16:30:00
131,in-progress,Resource6,1.68,0.97,2024-01-03 17:00:00
132,pending,Resource4,4.98,2.02,2024-01-03 17:30:00
133,in-progress,Resource7,2.68,2.17,2024-01-03 18:00:00
134,completed,Resource1,1.8,2.81,2024-01-03 18:30:00
135,pending,Resource8,3.59,0.16,2024-01-03 19:00:00
136,pending,Resource3,0.89,0.26,2024-01-03 19:30:00
137,pending,Resource10,1.14,2.04,2024-01-03 20:00:00
138,pending,Resource1,1.93,0.15,2024-01-03 20:30:00
139,completed,Resource2,3.47,1.69,2024-01-03 21:00:00
140,completed,Resource10,0.3,1.87,2024-01-03 21:30:00
141,pending,Resource3,0.54,1.94,2024-01-03 22:00:00
142,pending,Resource4,1.69,2.08,2024-01-03 22:30:00
143,in-progress,Resource8,4.15,1.53,2024-01-03 23:00:00
144,pending,Resource3,2.49,1.79,2024-01-03 23:30:00
145,in-progress,Resource7,2.4,2.65,2024-01-04 00:00:00
146,in-progress,Resource10,4.23,1.16,2024-01-04 00:30:00
147,in-progress,Resource2,4.48,0.88,2024-01-04 01:00:00
148,in-progress,Resource2,2.43,2.24,2024-01-04 01:30:00
149,in-progress,Resource10,2.12,0.88,2024-01-04 02:00:00
150,in-progress,Resource9,0.49,0.39,2024-01-04 02:30:00
151,pending,Resource6,1.28,0.33,2024-01-04 03:00:00
152,pending,Resource9,1.72,2.47,2024-01-04 03:30:00
153,completed,Resource1,4.28,2.26,2024-01-04 04:00:00
154,in-progress,Resource2,0.59,2.1,2024-01-04 04:30:00
155,pending,Resource3,1.8,0.53,2024-01-04 05:00:00
156,pending,Resource2,3.27,2.25,2024-01-04 05:30:00
157,in-progress,Resource3,0.44,0.93,2024-01-04 06:00:00
158,in-progress,Resource6,3.95,0.64,2024-01-04 06:30:00
159,in-progress,Resource4,4.76,2.61,2024-01-04 07:00:00
160,in-progress,Resource4,4.19,2.77,2024-01-04 07:30:00
161,completed,Resource9,0.05,0.5,2024-01-04 08:00:00
162,completed,Resource3,0.12,2.78,2024-01-04 08:30:00
163,pending,Resource2,4.29,1.05,2024-01-04 09:00:00
164,pending,Resource6,0.66,2.71,2024-01-04 09:30:00
165,pending,Resource2,0.73,0.9,2024-01-04 10:00:00
166,in-progress,Resource5,3.48,0.02,2024-01-04 10:30:00
167,completed,Resource8,2.08,2.41,2024-01-04 11:00:00
168,completed,Resource9,1.47,2.51,2024-01-04 11:30:00
169,in-progress,Resource6,1.34,1.47,2024-01-04 12:00:00
170,pending,Resource6,2.98,1.22,2024-01-04 12:30:00
171,pending,Resource10,4.13,2.1,2024-01-04 13:00:00
172,completed,Resource5,4.22,2.4,2024-01-04 13:30:00
173,pending,Resource4,4.71,0.85,2024-01-04 14:00:00
174,pending,Resource6,4.54,0.18,2024-01-04 14:30:00
175,completed,Resource2,0.09,0.92,2024-01-04 15:00:00
176,pending,Resource5,1.5,0.85,2024-01-04 15:30:00
177,pending,Resource4,4.18,1.93,2024-01-04 16:00:00
178,pending,Resource4,4.77,2.25,2024-01-04 16:30:00
179,in-progress,Resource2,4.05,1.04,2024-01-04 17:00:00
180,in-progress,Resource7,2.13,0.18,2024-01-04 17:30:00
181,in-progress,Resource2,2.97,0.17,2024-01-04 18:00:00
182,pending,Resource6,1.0,1.05,2024-01-04 18:30:00
183,in-progress,Resource10,2.45,0.44,2024-01-04 19:00:00
184,in-progress,Resource10,0.75,2.37,2024-01-04 19:30:00
185,in-progress,Resource2,0.74,0.89,2024-01-04 20:00:00
186,pending,Resource9,3.11,1.25,2024-01-04 20:30:00
187,in-progress,Resource6,3.18,1.46,2024-01-04 21:00:00
188,pending,Resource8,1.09,1.07,2024-01-04 21:30:00
189,in-progress,Resource8,0.44,0.3,2024-01-04 22:00:00
190,pending,Resource5,2.66,0.32,2024-01-04 22:30:00
191,in-progress,Resource8,2.97,2.85,2024-01-04 23:00:00
192,pending,Resource1,0.17,1.31,2024-01-04 23:30:00
193,in-progress,Resource6,4.79,0.41,2024-01-05 00:00:00
194,in-progress,Resource5,2.27,2.67,2024-01-05 00:30:00
195,in-progress,Resource1,4.92,2.91,2024-01-05 01:00:00
196,completed,Resource8,1.67,0.97,2024-01-05 01:30:00
197,pending,Resource5,2.34,1.93,2024-01-05 02:00:00
198,pending,Resource5,1.41,0.95,2024-01-05 02:30:00
199,completed,Resource7,2.83,0.17,2024-01-05 03:00:00
200,completed,Resource6,2.21,2.02,2024-01-05 03:30:00
201,in-progress,Resource7,3.62,1.15,2024-01-05 04:00:00
202,pending,Resource9,4.08,0.52,2024-01-05 04:30:00
203,in-progress,Resource10,1.8,0.63,2024-01-05 05:00:00
204,pending,Resource5,4.05,0.77,2024-01-05 05:30:00
205,in-progress,Resource9,0.79,1.91,2024-01-05 06:00:00
206,completed,Resource5,1.17,0.9,2024-01-05 06:30:00
207,pending,Resource3,4.61,2.34,2024-01-05 07:00:00
208,in-progress,Resource1,2.97,1.81,2024-01-05 07:30:00
209,pending,Resource4,0.06,2.05,2024-01-05 08:00:00
210,completed,Resource5,1.46,2.22,2024-01-05 08:30:00
211,pending,Resource3,3.69,0.15,2024-01-05 09:00:00
212,in-progress,Resource4,4.25,2.29,2024-01-05 09:30:00
213,in-progress,Resource7,0.68,0.26,2024-01-05 10:00:00
214,in-progress,Resource5,4.46,1.08,2024-01-05 10:30:00
215,pending,Resource4,1.15,2.54,2024-01-05 11:00:00
216,completed,Resource8,2.61,0.2,2024-01-05 11:30:00
217,pending,Resource3,3.05,2.2,2024-01-05 12:00:00
218,completed,Resource3,1.04,1.09,2024-01-05 12:30:00
219,completed,Resource1,4.76,0.28,2024-01-05 13:00:00
220,pending,Resource8,1.47,2.71,2024-01-05 13:30:00
221,completed,Resource8,1.57,2.95,2024-01-05 14:00:00
222,in-progress,Resource6,3.82,2.16,2024-01-05 14:30:00
223,pending,Resource5,1.11,2.35,2024-01-05 15:00:00
224,pending,Resource6,2.99,2.02,2024-01-05 15:30:00
225,completed,Resource10,3.27,1.13,2024-01-05 16:00:00
226,completed,Resource3,4.35,0.36,2024-01-05 16:30:00
227,pending,Resource6,0.12,1.65,2024-01-05 17:00:00
228,completed,Resource3,3.03,0.18,2024-01-05 17:30:00
229,in-progress,Resource1,1.96,1.74,2024-01-05 18:00:00
230,pending,Resource7,3.8,2.58,2024-01-05 18:30:00
231,pending,Resource10,4.03,2.59,2024-01-05 19:00:00
232,pending,Resource8,4.22,0.23,2024-01-05 19:30:00
233,in-progress,Resource6,3.28,1.04,2024-01-05 20:00:00
234,completed,Resource2,3.41,1.27,2024-01-05 20:30:00
235,pending,Resource10,4.84,2.62,2024-01-05 21:00:00
236,in-progress,Resource6,3.52,2.88,2024-01-05 21:30:00
237,pending,Resource3,4.76,0.12,2024-01-05 22:00:00
238,in-progress,Resource7,1.37,2.35,2024-01-05 22:30:00
239,in-progress,Resource3,1.18,1.91,2024-01-05 23:00:00
240,in-progress,Resource10,0.37,1.31,2024-01-05 23:30:00
241,completed,Resource7,4.53,1.96,2024-01-06 00:00:00
242,in-progress,Resource2,3.89,0.13,2024-01-06 00:30:00
243,completed,Resource8,2.13,0.96,2024-01-06 01:00:00
244,in-progress,Resource8,2.49,2.57,2024-01-06 01:30:00
245,pending,Resource8,2.29,1.6,2024-01-06 02:00:00
246,pending,Resource9,3.83,0.97,2024-01-06 02:30:00
247,pending,Resource5,2.09,2.28,2024-01-06 03:00:00
248,pending,Resource5,4.71,0.7,2024-01-06 03:30:00
249,in-progress,Resource8,4.37,1.66,2024-01-06 04:00:00
250,pending,Resource8,0.18,1.83,2024-01-06 04:30:00
251,completed,Resource8,3.14,1.91,2024-01-06 05:00:00
252,pending,Resource4,2.56,1.0,2024-01-06 05:30:00
253,in-progress,Resource9,3.98,1.87,2024-01-06 06:00:00
254,pending,Resource1,4.71,1.21,2024-01-06 06:30:00
255,completed,Resource2,4.35,2.36,2024-01-06 07:00:00
256,in-progress,Resource6,0.58,0.38,2024-01-06 07:30:00
257,in-progress,Resource4,2.56,0.26,2024-01-06 08:00:00
258,in-progress,Resource4,0.02,1.31,2024-01-06 08:30:00
259,completed,Resource3,0.25,2.23,2024-01-06 09:00:00
260,completed,Resource7,4.73,1.11,2024-01-06 09:30:00
261,completed,Resource9,3.54,2.79,2024-01-06 10:00:00
262,completed,Resource4,3.99,0.09,2024-01-06 10:30:00
263,completed,Resource7,4.24,2.96,2024-01-06 11:00:00
264,completed,Resource5,4.04,1.37,2024-01-06 11:30:00
265,pending,Resource2,2.61,2.13,2024-01-06 12:00:00
266,pending,Resource9,3.07,0.69,2024-01-06 12:30:00
267,in-progress,Resource10,1.18,2.18,2024-01-06 13:00:00
268,pending,Resource9,1.24,1.86,2024-01-06 13:30:00
269,completed,Resource10,2.45,1.29,2024-01-06 14:00:00
270,in-progress,Resource8,0.61,1.36,2024-01-06 14:30:00
271,completed,Resource1,2.97,0.59,2024-01-06 15:00:00
272,pending,Resource3,0.37,0.24,2024-01-06 15:30:00
273,pending,Resource3,3.06,2.62,2024-01-06 16:00:00
274,completed,Resource5,2.75,1.52,2024-01-06 16:30:00
275,in-progress,Resource9,4.47,1.99,2024-01-06 17:00:00
276,in-progress,Resource10,3.86,1.05,2024-01-06 17:30:00
277,in-progress,Resource9,4.15,0.95,2024-01-06 18:00:00
278,pending,Resource1,2.77,0.67,2024-01-06 18:30:00
279,pending,Resource9,2.51,2.21,2024-01-06 19:00:00
280,pending,Resource2,1.53,0.95,2024-01-06 19:30:00
281,pending,Resource3,3.09,1.02,2024-01-06 20:00:00
282,completed,Resource6,1.76,0.48,2024-01-06 20:30:00
283,pending,Resource1,0.6,1.2,2024-01-06 21:00:00
284,pending,Resource5,4.64,1.08,2024-01-06 21:30:00
285,completed,Resource9,4.84,0.71,2024-01-06 22:00:00
286,completed,Resource6,4.2,1.08,2024-01-06 22:30:00
287,completed,Resource5,3.65,2.92,2024-01-06 23:00:00
288,in-progress,Resource10,1.47,2.81,2024-01-06 23:30:00
289,pending,Resource1,3.21,0.85,2024-01-07 00:00:00
290,completed,Resource6,4.11,1.64,2024-01-07 00:30:00
291,in-progress,Resource9,4.78,2.19,2024-01-07 01:00:00
292,pending,Resource7,1.0,2.66,2024-01-07 01:30:00
293,completed,Resource10,2.58,2.72,2024-01-07 02:00:00
294,pending,Resource6,2.89,1.3,2024-01-07 02:30:00
295,in-progress,Resource3,4.65,0.17,2024-01-07 03:00:00
296,pending,Resource3,0.44,0.11,2024-01-07 03:30:00
297,completed,Resource3,3.62,2.38,2024-01-07 04:00:00
298,in-progress,Resource8,0.07,0.55,2024-01-07 04:30:00
299,in-progress,Resource5,1.67,0.09,2024-01-07 05:00:00
300,in-progress,Resource2,0.56,2.03,2024-01-07 05:30:00
301,completed,Resource10,3.48,1.86,2024-01-07 06:00:00
302,pending,Resource4,3.5,0.97,2024-01-07 06:30:00
303,completed,Resource3,2.2,0.82,2024-01-07 07:00:00
304,in-progress,Resource8,2.37,0.45,2024-01-07 07:30:00
305,completed,Resource4,3.24,2.07,2024-01-07 08:00:00
306,completed,Resource4,2.34,2.89,2024-01-07 08:30:00
307,pending,Resource9,3.5,1.88,2024-01-07 09:00:00
308,in-progress,Resource5,2.8,1.79,2024-01-07 09:30:00
309,in-progress,Resource8,2.81,1.07,2024-01-07 10:00:00
310,in-progress,Resource5,0.05,1.29,2024-01-07 10:30:00
311,completed,Resource2,1.79,1.02,2024-01-07 11:00:00
312,pending,Resource1,3.13,0.36,2024-01-07 11:30:00
313,completed,Resource3,4.82,0.91,2024-01-07 12:00:00
314,pending,Resource8,3.41,2.51,2024-01-07 12:30:00
315,pending,Resource8,1.0,2.19,2024-01-07 13:00:00
316,in-progress,Resource3,1.61,1.07,2024-01-07 13:30:00
317,pending,Resource2,4.01,2.39,2024-01-07 14:00:00
318,pending,Resource10,2.07,2.58,2024-01-07 14:30:00
319,completed,Resource5,4.44,0.47,2024-01-07 15:00:00
320,in-progress,Resource1,1.96,2.82,2024-01-07 15:30:00
321,in-progress,Resource2,0.13,0.63,2024-01-07 16:00:00
322,completed,Resource1,4.27,1.08,2024-01-07 16:30:00
323,completed,Resource9,2.06,0.14,2024-01-07 17:00:00
324,completed,Resource7,1.41,0.68,2024-01-07 17:30:00
325,in-progress,Resource9,1.84,2.36,2024-01-07 18:00:00
326,completed,Resource8,1.46,2.41,2024-01-07 18:30:00
327,pending,Resource10,0.41,0.01,2024-01-07 19:00:00
328,pending,Resource5,4.68,2.37,2024-01-07 19:30:00
329,in-progress,Resource1,0.16,1.24,2024-01-07 20:00:00
330,in-progress,Resource2,3.75,2.8,2024-01-07 20:30:00
331,in-progress,Resource8,1.31,1.15,2024-01-07 21:00:00
332,in-progress,Resource9,2.92,2.65,2024-01-07 21:30:00
333,in-progress,Resource5,0.26,2.27,2024-01-07 22:00:00
334,completed,Resource7,0.63,2.94,2024-01-07 22:30:00
335,pending,Resource3,3.49,0.28,2024-01-07 23:00:00
336,completed,Resource2,4.86,1.81,2024-01-07 23:30:00
337,completed,Resource10,4.21,2.52,2024-01-08 00:00:00
338,in-progress,Resource10,0.91,2.07,2024-01-08 00:30:00
339,in-progress,Resource3,3.63,2.97,2024-01-08 01:00:00
340,completed,Resource7,3.0,0.59,2024-01-08 01:30:00
341,completed,Resource2,4.22,0.52,2024-01-08 02:00:00
342,completed,Resource9,3.45,0.17,2024-01-08 02:30:00
343,completed,Resource9,0.06,1.85,2024-01-08 03:00:00
344,in-progress,Resource8,4.92,2.83,2024-01-08 03:30:00
345,pending,Resource10,2.42,2.56,2024-01-08 04:00:00
346,pending,Resource1,4.2,0.35,2024-01-08 04:30:00
347,completed,Resource2,0.78,0.59,2024-01-08 05:00:00
348,in-progress,Resource2,3.39,1.53,2024-01-08 05:30:00
349,pending,Resource3,1.14,1.73,2024-01-08 06:00:00
350,in-progress,Resource5,0.37,0.44,2024-01-08 06:30:00
351,pending,Resource1,0.18,2.78,2024-01-08 07:00:00
352,pending,Resource2,0.78,0.49,2024-01-08 07:30:00
353,completed,Resource1,2.61,2.78,2024-01-08 08:00:00
354,completed,Resource1,0.92,0.2,2024-01-08 08:30:00
355,completed,Resource4,3.42,1.96,2024-01-08 09:00:00
356,completed,Resource10,0.31,1.29,2024-01-08 09:30:00
357,completed,Resource5,3.68,2.92,2024-01-08 10:00:00
358,pending,Resource3,3.84,1.39,2024-01-08 10:30:00
359,in-progress,Resource8,2.31,0.75,2024-01-08 11:00:00
360,completed,Resource1,0.65,2.02,2024-01-08 11:30:00
361,pending,Resource6,2.78,1.86,2024-01-08 12:00:00
362,in-progress,Resource4,4.4,1.75,2024-01-08 12:30:00
363,completed,Resource6,3.8,0.0,2024-01-08 13:00:00
364,completed,Resource4,4.64,2.08,2024-01-08 13:30:00
365,pending,Resource10,4.44,0.77,2024-01-08 14:00:00
366,pending,Resource4,3.47,1.51,2024-01-08 14:30:00
367,in-progress,Resource5,2.63,2.46,2024-01-08 15:00:00
368,pending,Resource8,0.9,1.68,2024-01-08 15:30:00
369,pending,Resource4,1.88,1.15,2024-01-08 16:00:00
370,completed,Resource6,3.72,2.7,2024-01-08 16:30:00
371,in-progress,Resource1,0.78,1.95,2024-01-08 17:00:00
372,in-progress,Resource8,2.67,1.49,2024-01-08 17:30:00
373,in-progress,Resource3,4.7,2.72,2024-01-08 18:00:00
374,completed,Resource6,1.06,0.43,2024-01-08 18:30:00
375,completed,Resource3,2.22,1.51,2024-01-08 19:00:00
376,in-progress,Resource2,2.27,0.78,2024-01-08 19:30:00
377,in-progress,Resource2,4.6,0.74,2024-01-08 20:00:00
378,pending,Resource5,0.31,1.7,2024-01-08 20:30:00
379,completed,Resource6,0.75,1.45,2024-01-08 21:00:00
380,pending,Resource1,3.17,0.07,2024-01-08 21:30:00
381,in-progress,Resource4,2.17,0.17,2024-01-08 22:00:00
382,pending,Resource8,1.49,2.12,2024-01-08 22:30:00
383,in-progress,Resource10,3.4,0.25,2024-01-08 23:00:00
384,pending,Resource10,2.4,2.14,2024-01-08 23:30:00
385,in-progress,Resource8,3.45,0.01,2024-01-09 00:00:00
386,pending,Resource8,0.56,0.9,2024-01-09 00:30:00
387,pending,Resource5,2.28,0.19,2024-01-09 01:00:00
388,completed,Resource8,0.71,2.46,2024-01-09 01:30:00
389,pending,Resource9,1.1,1.58,2024-01-09 02:00:00
390,in-progress,Resource9,1.28,1.77,2024-01-09 02:30:00
391,pending,Resource5,4.05,1.88,2024-01-09 03:00:00
392,completed,Resource1,4.01,0.67,2024-01-09 03:30:00
393,pending,Resource1,4.71,1.3,2024-01-09 04:00:00
394,pending,Resource10,3.18,0.1,2024-01-09 04:30:00
395,in-progress,Resource5,3.4,2.42,2024-01-09 05:00:00
396,pending,Resource8,0.45,0.52,2024-01-09 05:30:00
397,pending,Resource1,3.8,1.95,2024-01-09 06:00:00
398,completed,Resource10,1.59,1.98,2024-01-09 06:30:00
399,in-progress,Resource8,1.57,0.7,2024-01-09 07:00:00
400,in-progress,Resource4,2.09,2.18,2024-01-09 07:30:00
401,pending,Resource5,3.1,1.77,2024-01-09 08:00:00
402,pending,Resource4,2.87,1.06,2024-01-09 08:30:00
403,completed,Resource1,2.12,1.61,2024-01-09 09:00:00
404,in-progress,Resource5,0.87,0.97,2024-01-09 09:30:00
405,in-progress,Resource4,2.83,2.21,2024-01-09 10:00:00
406,in-progress,Resource5,4.14,2.97,2024-01-09 10:30:00
407,completed,Resource5,2.03,0.54,2024-01-09 11:00:00
408,in-progress,Resource8,3.69,0.83,2024-01-09 11:30:00
409,completed,Resource8,1.45,0.13,2024-01-09 12:00:00
410,in-progress,Resource1,0.89,0.95,2024-01-09 12:30:00
411,pending,Resource1,1.61,1.11,2024-01-09 13:00:00
412,completed,Resource10,4.36,1.29,2024-01-09 13:30:00
413,pending,Resource1,2.22,1.03,2024-01-09 14:00:00
414,completed,Resource3,3.97,0.49,2024-01-09 14:30:00
415,in-progress,Resource10,3.73,2.9,2024-01-09 15:00:00
416,in-progress,Resource2,4.15,1.44,2024-01-09 15:30:00
417,completed,Resource1,0.18,1.24,2024-01-09 16:00:00
418,pending,Resource9,4.82,0.01,2024-01-09 16:30:00
419,pending,Resource7,0.98,0.95,2024-01-09 17:00:00
420,in-progress,Resource7,3.47,0.63,2024-01-09 17:30:00
421,pending,Resource9,3.01,0.79,2024-01-09 18:00:00
422,pending,Resource4,4.38,2.28,2024-01-09 18:30:00
423,completed,Resource7,4.39,2.85,2024-01-09 19:00:00
424,in-progress,Resource3,0.68,0.18,2024-01-09 19:30:00
425,in-progress,Resource1,2.82,0.7,2024-01-09 20:00:00
426,in-progress,Resource6,4.37,0.5,2024-01-09 20:30:00
427,completed,Resource2,2.99,0.09,2024-01-09 21:00:00
428,in-progress,Resource9,2.57,2.51,2024-01-09 21:30:00
429,completed,Resource2,4.94,2.17,2024-01-09 22:00:00
430,in-progress,Resource7,0.33,1.99,2024-01-09 22:30:00
431,completed,Resource3,1.97,0.78,2024-01-09 23:00:00
432,in-progress,Resource10,2.1,0.54,2024-01-09 23:30:00
433,in-progress,Resource10,3.91,1.95,2024-01-10 00:00:00
434,pending,Resource2,0.25,1.02,2024-01-10 00:30:00
435,pending,Resource5,1.04,0.46,2024-01-10 01:00:00
436,in-progress,Resource9,3.44,1.9,2024-01-10 01:30:00
437,in-progress,Resource10,1.46,2.55,2024-01-10 02:00:00
438,pending,Resource9,3.35,1.96,2024-01-10 02:30:00
439,in-progress,Resource5,3.34,1.33,2024-01-10 03:00:00
440,in-progress,Resource10,3.14,0.18,2024-01-10 03:30:00
441,pending,Resource10,3.73,1.62,2024-01-10 04:00:00
442,completed,Resource10,4.73,2.46,2024-01-10 04:30:00
443,pending,Resource5,1.72,0.29,2024-01-10 05:00:00
444,pending,Resource4,1.6,0.16,2024-01-10 05:30:00
445,in-progress,Resource4,3.92,1.16,2024-01-10 06:00:00
446,completed,Resource2,2.12,2.99,2024-01-10 06:30:00
447,in-progress,Resource2,3.21,0.52,2024-01-10 07:00:00
448,completed,Resource8,2.48,1.49,2024-01-10 07:30:00
449,in-progress,Resource3,0.62,2.5,2024-01-10 08:00:00
450,in-progress,Resource3,4.95,2.41,2024-01-10 08:30:00
451,completed,Resource8,1.64,1.07,2024-01-10 09:00:00
452,in-progress,Resource6,0.92,1.05,2024-01-10 09:30:00
453,completed,Resource1,4.47,0.66,2024-01-10 10:00:00
454,in-progress,Resource2,1.49,2.64,2024-01-10 10:30:00
455,pending,Resource7,4.41,2.02,2024-01-10 11:00:00
456,pending,Resource10,3.51,0.34,2024-01-10 11:30:00
457,completed,Resource10,4.97,0.93,2024-01-10 12:00:00
458,in-progress,Resource10,3.97,0.32,2024-01-10 12:30:00
459,pending,Resource6,2.12,1.34,2024-01-10 13:00:00
460,pending,Resource4,2.11,1.59,2024-01-10 13:30:00
461,in-progress,Resource7,3.94,1.25,2024-01-10 14:00:00
462,in-progress,Resource6,1.29,2.38,2024-01-10 14:30:00
463,in-progress,Resource4,3.93,2.41,2024-01-10 15:00:00
464,pending,Resource9,3.92,1.14,2024-01-10 15:30:00
465,completed,Resource7,0.54,1.58,2024-01-10 16:00:00
466,completed,Resource2,2.76,0.12,2024-01-10 16:30:00
467,pending,Resource6,0.14,1.7,2024-01-10 17:00:00
468,completed,Resource9,3.47,2.17,2024-01-10 17:30:00
469,in-progress,Resource8,2.81,0.43,2024-01-10 18:00:00
470,completed,Resource8,0.72,2.76,2024-01-10 18:30:00
471,completed,Resource4,2.64,1.76,2024-01-10 19:00:00
472,completed,Resource8,4.15,0.36,2024-01-10 19:30:00
473,completed,Resource7,2.29,0.34,2024-01-10 20:00:00
474,pending,Resource7,4.65,1.67,2024-01-10 20:30:00
475,pending,Resource1,4.93,0.51,2024-01-10 21:00:00
476,pending,Resource7,2.21,0.94,2024-01-10 21:30:00
477,pending,Resource2,3.12,0.37,2024-01-10 22:00:00
478,completed,Resource6,1.75,1.39,2024-01-10 22:30:00
479,pending,Resource10,4.99,2.81,2024-01-10 23:00:00
480,pending,Resource9,1.15,2.47,2024-01-10 23:30:00
481,completed,Resource6,3.84,2.35,2024-01-11 00:00:00
482,pending,Resource5,2.08,0.26,2024-01-11 00:30:00
483,in-progress,Resource9,3.03,1.35,2024-01-11 01:00:00
484,in-progress,Resource5,3.65,2.62,2024-01-11 01:30:00
485,in-progress,Resource7,2.53,0.58,2024-01-11 02:00:00
486,pending,Resource9,1.17,0.36,2024-01-11 02:30:00
487,in-progress,Resource5,2.98,2.35,2024-01-11 03:00:00
488,pending,Resource5,2.44,2.7,2024-01-11 03:30:00
489,completed,Resource7,4.06,0.11,2024-01-11 04:00:00
490,completed,Resource9,3.71,2.9,2024-01-11 04:30:00
491,in-progress,Resource6,4.13,0.73,2024-01-11 05:00:00
492,completed,Resource7,0.97,0.34,2024-01-11 05:30:00
493,pending,Resource2,1.11,0.31,2024-01-11 06:00:00
494,completed,Resource7,4.81,1.76,2024-01-11 06:30:00
495,completed,Resource9,2.47,0.32,2024-01-11 07:00:00
496,in-progress,Resource8,0.16,1.64,2024-01-11 07:30:00
497,pending,Resource1,1.77,1.46,2024-01-11 08:00:00
498,in-progress,Resource8,2.76,2.31,2024-01-11 08:30:00
499,in-progress,Resource8,1.04,1.73,2024-01-11 09:00:00
500,in-progress,Resource9,2.75,0.29,2024-01-11 09:30:00
501,pending,Resource5,3.95,2.56,2024-01-11 10:00:00
502,pending,Resource5,1.52,2.64,2024-01-11 10:30:00
503,completed,Resource7,4.35,1.99,2024-01-11 11:00:00
504,in-progress,Resource8,1.52,0.46,2024-01-11 11:30:00
505,in-progress,Resource5,1.86,1.92,2024-01-11 12:00:00
506,pending,Resource8,0.68,1.47,2024-01-11 12:30:00
507,in-progress,Resource8,2.47,2.01,2024-01-11 13:00:00
508,completed,Resource10,2.26,1.34,2024-01-11 13:30:00
509,pending,Resource9,1.78,2.63,2024-01-11 14:00:00
510,in-progress,Resource9,3.92,1.43,2024-01-11 14:30:00
511,completed,Resource1,0.73,2.18,2024-01-11 15:00:00
512,in-progress,Resource8,3.49,2.87,2024-01-11 15:30:00
513,pending,Resource9,1.73,2.69,2024-01-11 16:00:00
514,pending,Resource7,2.99,0.0,2024-01-11 16:30:00
515,in-progress,Resource4,4.11,0.03,2024-01-11 17:00:00
516,completed,Resource10,1.7,2.11,2024-01-11 17:30:00
517,pending,Resource6,2.35,2.78,2024-01-11 18:00:00
518,completed,Resource5,1.92,0.8,2024-01-11 18:30:00
519,completed,Resource8,0.31,1.05,2024-01-11 19:00:00
520,in-progress,Resource7,4.28,1.13,2024-01-11 19:30:00
521,completed,Resource1,3.21,2.46,2024-01-11 20:00:00
522,completed,Resource7,0.16,0.65,2024-01-11 20:30:00
523,in-progress,Resource7,1.96,1.32,2024-01-11 21:00:00
524,in-progress,Resource2,4.26,2.09,2024-01-11 21:30:00
525,completed,Resource7,1.07,0.96,2024-01-11 22:00:00
526,completed,Resource9,1.55,2.37,2024-01-11 22:30:00
527,in-progress,Resource8,1.74,2.97,2024-01-11 23:00:00
528,completed,Resource10,1.33,1.93,2024-01-11 23:30:00
529,pending,Resource2,2.94,0.69,2024-01-12 00:00:00
530,pending,Resource1,2.87,2.02,2024-01-12 00:30:00
531,completed,Resource1,4.94,0.44,2024-01-12 01:00:00
532,completed,Resource10,1.97,1.83,2024-01-12 01:30:00
533,completed,Resource7,0.63,1.98,2024-01-12 02:00:00
534,in-progress,Resource3,2.83,2.73,2024-01-12 02:30:00
535,completed,Resource6,0.21,2.95,2024-01-12 03:00:00
536,pending,Resource4,2.25,0.16,2024-01-12 03:30:00
537,pending,Resource4,4.0,0.55,2024-01-12 04:00:00
538,completed,Resource2,4.14,0.15,2024-01-12 04:30:00
539,completed,Resource3,4.37,0.95,2024-01-12 05:00:00
540,in-progress,Resource6,1.84,0.8,2024-01-12 05:30:00
541,in-progress,Resource3,4.74,0.87,2024-01-12 06:00:00
542,completed,Resource7,3.01,1.45,2024-01-12 06:30:00
543,in-progress,Resource8,3.87,1.19,2024-01-12 07:00:00
544,pending,Resource6,2.21,1.0,2024-01-12 07:30:00
545,completed,Resource10,4.91,2.94,2024-01-12 08:00:00
546,in-progress,Resource9,2.99,2.46,2024-01-12 08:30:00
547,completed,Resource7,0.51,2.55,2024-01-12 09:00:00
548,pending,Resource8,0.36,2.36,2024-01-12 09:30:00
549,pending,Resource3,3.05,1.5,2024-01-12 10:00:00
550,pending,Resource3,4.17,1.46,2024-01-12 10:30:00
551,in-progress,Resource2,3.71,0.33,2024-01-12 11:00:00
552,in-progress,Resource4,3.18,1.13,2024-01-12 11:30:00
553,completed,Resource2,1.79,1.06,2024-01-12 12:00:00
554,in-progress,Resource4,0.53,0.47,2024-01-12 12:30:00
555,pending,Resource3,2.35,2.46,2024-01-12 13:00:00
556,in-progress,Resource9,0.03,2.81,2024-01-12 13:30:00
557,in-progress,Resource4,2.78,2.84,2024-01-12 14:00:00
558,in-progress,Resource2,1.24,2.81,2024-01-12 14:30:00
559,in-progress,Resource6,1.76,2.1,2024-01-12 15:00:00
560,completed,Resource5,4.07,2.79,2024-01-12 15:30:00
561,pending,Resource7,4.27,1.3,2024-01-12 16:00:00
562,pending,Resource1,4.56,2.49,2024-01-12 16:30:00
563,in-progress,Resource9,2.94,0.79,2024-01-12 17:00:00
564,completed,Resource10,1.62,0.19,2024-01-12 17:30:00
565,completed,Resource3,2.82,1.07,2024-01-12 18:00:00
566,completed,Resource7,3.09,2.87,2024-01-12 18:30:00
567,pending,Resource3,3.07,2.72,2024-01-12 19:00:00
568,completed,Resource5,2.31,1.06,2024-01-12 19:30:00
569,pending,Resource5,3.8,0.67,2024-01-12 20:00:00
570,completed,Resource5,4.71,1.12,2024-01-12 20:30:00
571,in-progress,Resource4,4.32,2.3,2024-01-12 21:00:00
572,pending,Resource1,4.27,1.81,2024-01-12 21:30:00
573,completed,Resource7,2.06,2.87,2024-01-12 22:00:00
574,completed,Resource5,3.96,2.42,2024-01-12 22:30:00
575,pending,Resource6,1.05,1.32,2024-01-12 23:00:00
576,completed,Resource3,3.13,2.86,2024-01-12 23:30:00
577,in-progress,Resource3,0.97,1.37,2024-01-13 00:00:00
578,pending,Resource5,2.55,0.44,2024-01-13 00:30:00
579,in-progress,Resource1,2.64,2.53,2024-01-13 01:00:00
580,pending,Resource6,0.52,0.14,2024-01-13 01:30:00
581,pending,Resource7,4.14,2.06,2024-01-13 02:00:00
582,pending,Resource6,4.67,2.16,2024-01-13 02:30:00
583,in-progress,Resource9,4.71,2.57,2024-01-13 03:00:00
584,pending,Resource3,1.74,0.08,2024-01-13 03:30:00
585,completed,Resource7,0.76,1.68,2024-01-13 04:00:00
586,in-progress,Resource7,1.14,0.4,2024-01-13 04:30:00
587,pending,Resource3,3.38,0.42,2024-01-13 05:00:00
588,completed,Resource5,3.26,2.98,2024-01-13 05:30:00
589,in-progress,Resource7,4.5,1.85,2024-01-13 06:00:00
590,in-progress,Resource2,1.64,0.48,2024-01-13 06:30:00
591,in-progress,Resource8,4.12,0.49,2024-01-13 07:00:00
592,in-progress,Resource4,2.0,2.97,2024-01-13 07:30:00
593,pending,Resource2,2.86,1.29,2024-01-13 08:00:00
594,completed,Resource10,3.35,0.96,2024-01-13 08:30:00
595,pending,Resource6,3.65,1.95,2024-01-13 09:00:00
596,completed,Resource8,0.52,1.91,2024-01-13 09:30:00
597,completed,Resource2,0.55,1.89,2024-01-13 10:00:00
598,completed,Resource8,2.01,1.04,2024-01-13 10:30:00
599,in-progress,Resource7,1.42,2.0,2024-01-13 11:00:00
600,completed,Resource2,1.65,0.91,2024-01-13 11:30:00
601,completed,Resource10,2.59,0.88,2024-01-13 12:00:00
602,in-progress,Resource7,1.9,2.68,2024-01-13 12:30:00
603,in-progress,Resource1,2.28,2.95,2024-01-13 13:00:00
604,completed,Resource2,0.33,1.69,2024-01-13 13:30:00
605,pending,Resource2,2.43,1.99,2024-01-13 14:00:00
606,pending,Resource8,0.28,2.82,2024-01-13 14:30:00
607,in-progress,Resource10,4.24,1.59,2024-01-13 15:00:00
608,completed,Resource5,3.12,0.73,2024-01-13 15:30:00
609,in-progress,Resource6,4.6,2.6,2024-01-13 16:00:00
610,in-progress,Resource8,0.59,2.51,2024-01-13 16:30:00
611,in-progress,Resource3,4.57,2.04,2024-01-13 17:00:00
612,pending,Resource9,4.57,0.96,2024-01-13 17:30:00
613,pending,Resource10,0.14,1.05,2024-01-13 18:00:00
614,completed,Resource8,0.03,1.46,2024-01-13 18:30:00
615,completed,Resource4,2.53,1.44,2024-01-13 19:00:00
616,completed,Resource8,1.2,1.57,2024-01-13 19:30:00
617,pending,Resource8,4.22,0.02,2024-01-13 20:00:00
618,in-progress,Resource2,1.03,0.31,2024-01-13 20:30:00
619,in-progress,Resource8,3.33,1.78,2024-01-13 21:00:00
620,in-progress,Resource5,2.25,2.18,2024-01-13 21:30:00
621,pending,Resource8,2.76,2.44,2024-01-13 22:00:00
622,completed,Resource10,3.07,2.73,2024-01-13 22:30:00
623,completed,Resource1,1.67,2.66,2024-01-13 23:00:00
624,pending,Resource1,1.86,1.09,2024-01-13 23:30:00
625,in-progress,Resource2,4.03,1.65,2024-01-14 00:00:00
626,in-progress,Resource7,3.66,1.18,2024-01-14 00:30:00
627,completed,Resource6,0.58,1.14,2024-01-14 01:00:00
628,pending,Resource7,4.22,0.11,2024-01-14 01:30:00
629,in-progress,Resource10,4.51,1.83,2024-01-14 02:00:00
630,completed,Resource9,2.72,2.13,2024-01-14 02:30:00
631,in-progress,Resource7,0.93,1.48,2024-01-14 03:00:00
632,in-progress,Resource6,0.94,2.26,2024-01-14 03:30:00
633,in-progress,Resource2,0.63,0.11,2024-01-14 04:00:00
634,pending,Resource3,2.19,0.68,2024-01-14 04:30:00
635,pending,Resource7,3.62,1.0,2024-01-14 05:00:00
636,in-progress,Resource1,0.75,0.95,2024-01-14 05:30:00
637,in-progress,Resource2,0.59,2.67,2024-01-14 06:00:00
638,in-progress,Resource9,1.62,0.06,2024-01-14 06:30:00
639,completed,Resource7,4.56,2.18,2024-01-14 07:00:00
640,in-progress,Resource8,2.93,0.31,2024-01-14 07:30:00
641,pending,Resource9,1.87,1.49,2024-01-14 08:00:00
642,in-progress,Resource3,2.93,0.67,2024-01-14 08:30:00
643,pending,Resource8,3.02,1.82,2024-01-14 09:00:00
644,completed,Resource6,4.21,2.97,2024-01-14 09:30:00
645,completed,Resource3,2.65,0.42,2024-01-14 10:00:00
646,in-progress,Resource3,4.74,1.16,2024-01-14 10:30:00
647,completed,Resource3,1.7,0.26,2024-01-14 11:00:00
648,in-progress,Resource6,2.35,0.4,2024-01-14 11:30:00
649,in-progress,Resource2,4.1,2.3,2024-01-14 12:00:00
650,completed,Resource10,1.65,0.9,2024-01-14 12:30:00
651,pending,Resource1,1.27,2.13,2024-01-14 13:00:00
652,completed,Resource2,3.14,2.98,2024-01-14 13:30:00
653,pending,Resource5,2.48,2.17,2024-01-14 14:00:00
654,pending,Resource8,1.71,1.94,2024-01-14 14:30:00
655,completed,Resource2,4.89,0.81,2024-01-14 15:00:00
656,in-progress,Resource5,3.09,2.21,2024-01-14 15:30:00
657,completed,Resource8,1.22,0.87,2024-01-14 16:00:00
658,in-progress,Resource10,0.25,1.61,2024-01-14 16:30:00
659,in-progress,Resource7,1.24,0.51,2024-01-14 17:00:00
660,in-progress,Resource2,2.67,0.3,2024-01-14 17:30:00
661,pending,Resource9,1.11,1.57,2024-01-14 18:00:00
662,in-progress,Resource3,4.13,0.27,2024-01-14 18:30:00
663,pending,Resource9,1.15,0.05,2024-01-14 19:00:00
664,pending,Resource5,3.05,1.89,2024-01-14 19:30:00
665,in-progress,Resource10,1.9,0.74,2024-01-14 20:00:00
666,completed,Resource10,4.51,0.86,2024-01-14 20:30:00
667,pending,Resource4,2.92,1.25,2024-01-14 21:00:00
668,in-progress,Resource8,3.55,2.32,2024-01-14 21:30:00
669,in-progress,Resource2,3.01,0.08,2024-01-14 22:00:00
670,completed,Resource10,3.98,0.74,2024-01-14 22:30:00
671,pending,Resource9,1.91,1.89,2024-01-14 23:00:00
672,pending,Resource5,2.06,1.26,2024-01-14 23:30:00
673,pending,Resource8,3.95,0.49,2024-01-15 00:00:00
674,in-progress,Resource5,2.07,1.17,2024-01-15 00:30:00
675,pending,Resource6,2.97,1.57,2024-01-15 01:00:00
676,in-progress,Resource6,3.27,1.43,2024-01-15 01:30:00
677,completed,Resource10,1.99,0.03,2024-01-15 02:00:00
678,in-progress,Resource6,0.95,0.22,2024-01-15 02:30:00
679,in-progress,Resource10,2.31,0.44,2024-01-15 03:00:00
680,completed,Resource6,2.81,0.08,2024-01-15 03:30:00
681,in-progress,Resource2,1.66,0.74,2024-01-15 04:00:00
682,pending,Resource8,0.73,2.06,2024-01-15 04:30:00
683,pending,Resource6,3.21,0.36,2024-01-15 05:00:00
684,completed,Resource6,4.46,2.21,2024-01-15 05:30:00
685,completed,Resource4,4.85,2.93,2024-01-15 06:00:00
686,completed,Resource2,0.66,0.5,2024-01-15 06:30:00
687,completed,Resource10,2.89,0.84,2024-01-15 07:00:00
688,in-progress,Resource9,0.08,2.79,2024-01-15 07:30:00
689,pending,Resource8,2.7,2.21,2024-01-15 08:00:00
690,pending,Resource2,0.65,2.25,2024-01-15 08:30:00
691,in-progress,Resource8,2.15,2.24,2024-01-15 09:00:00
692,in-progress,Resource5,4.97,1.13,2024-01-15 09:30:00
693,in-progress,Resource5,4.96,2.82,2024-01-15 10:00:00
694,in-progress,Resource9,3.42,1.06,2024-01-15 10:30:00
695,in-progress,Resource4,4.26,2.51,2024-01-15 11:00:00
696,pending,Resource4,2.57,1.27,2024-01-15 11:30:00
697,completed,Resource2,0.61,0.7,2024-01-15 12:00:00
698,pending,Resource3,2.41,2.21,2024-01-15 12:30:00
699,in-progress,Resource10,1.69,0.59,2024-01-15 13:00:00
700,completed,Resource6,1.91,1.36,2024-01-15 13:30:00
701,in-progress,Resource6,2.47,0.04,2024-01-15 14:00:00
702,in-progress,Resource3,1.44,2.15,2024-01-15 14:30:00
703,in-progress,Resource3,2.11,0.49,2024-01-15 15:00:00
704,completed,Resource2,4.79,1.95,2024-01-15 15:30:00
705,completed,Resource3,4.19,0.41,2024-01-15 16:00:00
706,in-progress,Resource6,1.13,0.68,2024-01-15 16:30:00
707,completed,Resource7,3.29,1.65,2024-01-15 17:00:00
708,pending,Resource7,3.59,2.54,2024-01-15 17:30:00
709,pending,Resource10,3.6,2.27,2024-01-15 18:00:00
710,pending,Resource9,0.76,0.78,2024-01-15 18:30:00
711,completed,Resource4,1.46,1.23,2024-01-15 19:00:00
712,completed,Resource9,2.72,2.15,2024-01-15 19:30:00
713,pending,Resource7,0.55,0.01,2024-01-15 20:00:00
714,completed,Resource7,0.59,2.97,2024-01-15 20:30:00
715,completed,Resource1,3.51,0.63,2024-01-15 21:00:00
716,in-progress,Resource3,2.12,1.58,2024-01-15 21:30:00
717,completed,Resource7,3.43,1.6,2024-01-15 22:00:00
718,pending,Resource7,2.32,0.3,2024-01-15 22:30:00
719,completed,Resource9,0.25,2.72,2024-01-15 23:00:00
720,in-progress,Resource1,1.19,1.55,2024-01-15 23:30:00
721,completed,Resource6,0.53,0.3,2024-01-16 00:00:00
722,pending,Resource1,1.59,2.2,2024-01-16 00:30:00
723,completed,Resource10,1.06,1.91,2024-01-16 01:00:00
724,pending,Resource8,2.96,1.37,2024-01-16 01:30:00
725,in-progress,Resource4,0.48,1.13,2024-01-16 02:00:00
726,completed,Resource1,2.16,0.11,2024-01-16 02:30:00
727,completed,Resource10,3.85,0.95,2024-01-16 03:00:00
728,completed,Resource9,4.77,2.91,2024-01-16 03:30:00
729,in-progress,Resource10,2.3,0.51,2024-01-16 04:00:00
730,pending,Resource1,2.35,2.96,2024-01-16 04:30:00
731,in-progress,Resource2,0.15,2.08,2024-01-16 05:00:00
732,in-progress,Resource10,2.93,2.15,2024-01-16 05:30:00
733,in-progress,Resource10,1.62,1.94,2024-01-16 06:00:00
734,completed,Resource6,3.37,2.13,2024-01-16 06:30:00
735,pending,Resource6,1.16,0.27,2024-01-16 07:00:00
736,completed,Resource4,4.09,2.62,2024-01-16 07:30:00
737,pending,Resource9,3.15,0.49,2024-01-16 08:00:00
738,completed,Resource7,4.99,0.8,2024-01-16 08:30:00
739,pending,Resource5,1.89,2.53,2024-01-16 09:00:00
740,in-progress,Resource5,1.05,0.02,2024-01-16 09:30:00
741,pending,Resource9,3.69,2.92,2024-01-16 10:00:00
742,pending,Resource5,3.71,1.29,2024-01-16 10:30:00
743,pending,Resource7,0.5,0.89,2024-01-16 11:00:00
744,pending,Resource5,1.22,0.03,2024-01-16 11:30:00
745,pending,Resource8,3.59,1.43,2024-01-16 12:00:00
746,completed,Resource1,2.6,1.45,2024-01-16 12:30:00
747,completed,Resource4,0.02,0.72,2024-01-16 13:00:00
748,in-progress,Resource5,1.48,2.2,2024-01-16 13:30:00
749,pending,Resource3,2.27,0.81,2024-01-16 14:00:00
750,completed,Resource4,3.81,0.84,2024-01-16 14:30:00
751,pending,Resource7,1.44,0.66,2024-01-16 15:00:00
752,in-progress,Resource4,1.49,0.47,2024-01-16 15:30:00
753,pending,Resource7,1.8,2.75,2024-01-16 16:00:00
754,in-progress,Resource5,0.11,0.79,2024-01-16 16:30:00
755,pending,Resource5,1.22,2.97,2024-01-16 17:00:00
756,pending,Resource1,0.03,0.92,2024-01-16 17:30:00
757,pending,Resource1,3.18,0.71,2024-01-16 18:00:00
758,pending,Resource8,1.25,1.34,2024-01-16 18:30:00
759,pending,Resource2,3.25,1.86,2024-01-16 19:00:00
760,in-progress,Resource1,0.79,2.13,2024-01-16 19:30:00
761,pending,Resource7,2.66,2.81,2024-01-16 20:00:00
762,pending,Resource1,4.44,2.59,2024-01-16 20:30:00
763,in-progress,Resource1,0.16,0.1,2024-01-16 21:00:00
764,in-progress,Resource1,2.63,0.85,2024-01-16 21:30:00
765,completed,Resource4,4.13,2.9,2024-01-16 22:00:00
766,pending,Resource3,3.72,2.62,2024-01-16 22:30:00
767,completed,Resource2,3.91,0.81,2024-01-16 23:00:00
768,in-progress,Resource6,1.09,1.63,2024-01-16 23:30:00
769,pending,Resource1,1.47,2.94,2024-01-17 00:00:00
770,pending,Resource5,4.64,2.75,2024-01-17 00:30:00
771,in-progress,Resource1,2.1,2.11,2024-01-17 01:00:00
772,pending,Resource1,0.77,2.72,2024-01-17 01:30:00
773,in-progress,Resource1,4.89,0.89,2024-01-17 02:00:00
774,completed,Resource5,0.81,1.37,2024-01-17 02:30:00
775,completed,Resource4,4.91,2.59,2024-01-17 03:00:00
776,in-progress,Resource7,4.86,2.8,2024-01-17 03:30:00
777,in-progress,Resource1,0.88,1.76,2024-01-17 04:00:00
778,in-progress,Resource7,1.72,0.4,2024-01-17 04:30:00
779,completed,Resource1,1.02,1.06,2024-01-17 05:00:00
780,completed,Resource9,3.08,0.25,2024-01-17 05:30:00
781,in-progress,Resource5,3.92,0.71,2024-01-17 06:00:00
782,completed,Resource7,3.95,2.81,2024-01-17 06:30:00
783,completed,Resource1,0.51,0.2,2024-01-17 07:00:00
784,completed,Resource3,0.98,0.59,2024-01-17 07:30:00
785,in-progress,Resource1,4.69,2.47,2024-01-17 08:00:00
786,completed,Resource3,4.97,0.09,2024-01-17 08:30:00
787,pending,Resource3,2.61,0.78,2024-01-17 09:00:00
788,pending,Resource2,2.21,0.17,2024-01-17 09:30:00
789,completed,Resource4,0.5,0.26,2024-01-17 10:00:00
790,in-progress,Resource8,4.34,0.31,2024-01-17 10:30:00
791,in-progress,Resource9,2.51,1.65,2024-01-17 11:00:00
792,in-progress,Resource1,3.3,2.21,2024-01-17 11:30:00
793,in-progress,Resource9,0.47,2.59,2024-01-17 12:00:00
794,completed,Resource4,1.57,0.07,2024-01-17 12:30:00
795,completed,Resource10,4.6,1.2,2024-01-17 13:00:00
796,pending,Resource6,2.67,2.22,2024-01-17 13:30:00
797,pending,Resource9,3.3,2.93,2024-01-17 14:00:00
798,in-progress,Resource4,2.76,1.74,2024-01-17 14:30:00
799,in-progress,Resource9,1.32,0.14,2024-01-17 15:00:00
800,pending,Resource2,4.0,0.64,2024-01-17 15:30:00
801,completed,Resource4,3.08,0.11,2024-01-17 16:00:00
802,in-progress,Resource2,4.42,1.58,2024-01-17 16:30:00
803,completed,Resource3,0.55,1.96,2024-01-17 17:00:00
804,in-progress,Resource3,4.29,1.89,2024-01-17 17:30:00
805,in-progress,Resource3,0.55,0.01,2024-01-17 18:00:00
806,in-progress,Resource5,3.43,2.61,2024-01-17 18:30:00
807,in-progress,Resource8,0.84,1.93,2024-01-17 19:00:00
808,in-progress,Resource2,2.83,0.23,2024-01-17 19:30:00
809,in-progress,Resource10,4.53,1.18,2024-01-17 20:00:00
810,completed,Resource1,4.41,2.53,2024-01-17 20:30:00
811,in-progress,Resource10,0.11,0.65,2024-01-17 21:00:00
812,completed,Resource9,0.08,1.49,2024-01-17 21:30:00
813,completed,Resource6,1.68,2.6,2024-01-17 22:00:00
814,pending,Resource1,0.55,1.24,2024-01-17 22:30:00
815,pending,Resource2,1.36,0.87,2024-01-17 23:00:00
816,in-progress,Resource9,1.95,1.37,2024-01-17 23:30:00
817,completed,Resource2,2.05,2.46,2024-01-18 00:00:00
818,in-progress,Resource1,2.82,2.72,2024-01-18 00:30:00
819,in-progress,Resource5,2.29,2.46,2024-01-18 01:00:00
820,completed,Resource1,3.69,2.17,2024-01-18 01:30:00
821,in-progress,Resource10,1.29,2.9,2024-01-18 02:00:00
822,in-progress,Resource3,1.52,0.26,2024-01-18 02:30:00
823,completed,Resource5,4.57,1.4,2024-01-18 03:00:00
824,completed,Resource1,1.12,1.01,2024-01-18 03:30:00
825,completed,Resource10,0.8,1.05,2024-01-18 04:00:00
826,completed,Resource6,1.97,2.92,2024-01-18 04:30:00
827,completed,Resource10,3.83,1.12,2024-01-18 05:00:00
828,pending,Resource5,2.8,1.65,2024-01-18 05:30:00
829,in-progress,Resource3,4.79,1.46,2024-01-18 06:00:00
830,in-progress,Resource4,4.68,0.86,2024-01-18 06:30:00
831,pending,Resource9,1.27,0.84,2024-01-18 07:00:00
832,pending,Resource9,4.03,1.77,2024-01-18 07:30:00
833,pending,Resource6,4.61,0.86,2024-01-18 08:00:00
834,completed,Resource1,1.38,1.45,2024-01-18 08:30:00
835,in-progress,Resource8,4.78,1.84,2024-01-18 09:00:00
836,completed,Resource5,2.06,1.09,2024-01-18 09:30:00
837,in-progress,Resource6,2.27,2.62,2024-01-18 10:00:00
838,pending,Resource10,0.25,1.71,2024-01-18 10:30:00
839,completed,Resource3,1.88,1.5,2024-01-18 11:00:00
840,completed,Resource3,3.19,1.35,2024-01-18 11:30:00
841,pending,Resource8,1.08,1.63,2024-01-18 12:00:00
842,pending,Resource10,2.05,2.95,2024-01-18 12:30:00
843,in-progress,Resource4,0.0,1.41,2024-01-18 13:00:00
844,pending,Resource7,4.24,2.67,2024-01-18 13:30:00
845,in-progress,Resource5,1.55,0.14,2024-01-18 14:00:00
846,completed,Resource10,1.05,1.39,2024-01-18 14:30:00
847,in-progress,Resource4,3.67,0.4,2024-01-18 15:00:00
848,in-progress,Resource1,4.49,1.07,2024-01-18 15:30:00
849,in-progress,Resource8,0.13,1.72,2024-01-18 16:00:00
850,in-progress,Resource6,4.28,2.41,2024-01-18 16:30:00
851,pending,Resource10,1.2,1.9,2024-01-18 17:00:00
852,pending,Resource7,2.03,1.92,2024-01-18 17:30:00
853,completed,Resource3,2.68,2.94,2024-01-18 18:00:00
854,in-progress,Resource10,4.89,1.22,2024-01-18 18:30:00
855,pending,Resource2,1.6,2.05,2024-01-18 19:00:00
856,completed,Resource5,0.25,0.38,2024-01-18 19:30:00
857,in-progress,Resource4,1.33,1.15,2024-01-18 20:00:00
858,in-progress,Resource7,0.82,0.36,2024-01-18 20:30:00
859,completed,Resource6,1.12,0.7,2024-01-18 21:00:00
860,pending,Resource2,4.23,2.99,2024-01-18 21:30:00
861,pending,Resource8,0.48,2.5,2024-01-18 22:00:00
862,in-progress,Resource8,1.09,2.24,2024-01-18 22:30:00
863,pending,Resource10,4.89,0.14,2024-01-18 23:00:00
864,in-progress,Resource10,1.98,0.92,2024-01-18 23:30:00
865,in-progress,Resource4,1.22,2.2,2024-01-19 00:00:00
866,pending,Resource8,1.54,0.47,2024-01-19 00:30:00
867,completed,Resource2,3.81,0.52,2024-01-19 01:00:00
868,in-progress,Resource1,3.44,2.2,2024-01-19 01:30:00
869,pending,Resource4,3.83,1.8,2024-01-19 02:00:00
870,completed,Resource2,0.95,2.92,2024-01-19 02:30:00
871,completed,Resource1,1.81,1.85,2024-01-19 03:00:00
872,completed,Resource5,2.84,0.49,2024-01-19 03:30:00
873,pending,Resource7,0.14,2.69,2024-01-19 04:00:00
874,completed,Resource4,0.08,2.45,2024-01-19 04:30:00
875,completed,Resource6,2.17,1.94,2024-01-19 05:00:00
876,pending,Resource10,0.48,1.99,2024-01-19 05:30:00
877,completed,Resource9,4.94,0.43,2024-01-19 06:00:00
878,in-progress,Resource5,4.95,2.09,2024-01-19 06:30:00
879,in-progress,Resource8,2.84,1.19,2024-01-19 07:00:00
880,in-progress,Resource10,1.78,1.67,2024-01-19 07:30:00
881,pending,Resource6,1.9,1.03,2024-01-19 08:00:00
882,completed,Resource1,2.78,2.92,2024-01-19 08:30:00
883,pending,Resource8,2.44,1.24,2024-01-19 09:00:00
884,pending,Resource9,3.7,0.76,2024-01-19 09:30:00
885,completed,Resource2,4.08,0.51,2024-01-19 10:00:00
886,in-progress,Resource2,2.67,2.02,2024-01-19 10:30:00
887,completed,Resource9,0.28,1.39,2024-01-19 11:00:00
888,pending,Resource6,1.19,0.6,2024-01-19 11:30:00
889,in-progress,Resource2,0.49,2.34,2024-01-19 12:00:00
890,completed,Resource1,2.8,1.87,2024-01-19 12:30:00
891,completed,Resource9,3.19,0.15,2024-01-19 13:00:00
892,in-progress,Resource2,3.19,1.06,2024-01-19 13:30:00
893,in-progress,Resource2,3.03,1.72,2024-01-19 14:00:00
894,pending,Resource6,0.98,1.08,2024-01-19 14:30:00
895,completed,Resource6,0.0,0.51,2024-01-19 15:00:00
896,completed,Resource10,3.89,1.76,2024-01-19 15:30:00
897,completed,Resource2,0.16,2.57,2024-01-19 16:00:00
898,completed,Resource3,1.6,1.25,2024-01-19 16:30:00
899,in-progress,Resource5,4.67,1.25,2024-01-19 17:00:00
900,in-progress,Resource9,2.98,1.18,2024-01-19 17:30:00
901,completed,Resource1,0.65,0.87,2024-01-19 18:00:00
902,pending,Resource1,4.83,2.7,2024-01-19 18:30:00
903,completed,Resource9,2.73,2.46,2024-01-19 19:00:00
904,pending,Resource4,3.23,2.88,2024-01-19 19:30:00
905,completed,Resource5,4.03,0.29,2024-01-19 20:00:00
906,in-progress,Resource10,2.58,2.96,2024-01-19 20:30:00
907,completed,Resource7,0.37,2.43,2024-01-19 21:00:00
908,in-progress,Resource2,1.54,0.91,2024-01-19 21:30:00
909,in-progress,Resource4,4.88,2.37,2024-01-19 22:00:00
910,in-progress,Resource3,4.1,0.47,2024-01-19 22:30:00
911,completed,Resource6,4.5,0.62,2024-01-19 23:00:00
912,pending,Resource4,1.42,0.77,2024-01-19 23:30:00
913,completed,Resource3,2.54,0.17,2024-01-20 00:00:00
914,completed,Resource6,1.95,0.03,2024-01-20 00:30:00
915,completed,Resource5,2.92,0.49,2024-01-20 01:00:00
916,in-progress,Resource7,4.78,2.91,2024-01-20 01:30:00
917,in-progress,Resource5,4.29,0.37,2024-01-20 02:00:00
918,completed,Resource7,3.23,2.7,2024-01-20 02:30:00
919,pending,Resource7,4.71,0.78,2024-01-20 03:00:00
920,completed,Resource2,2.82,0.85,2024-01-20 03:30:00
921,pending,Resource1,3.09,0.91,2024-01-20 04:00:00
922,completed,Resource2,2.6,0.85,2024-01-20 04:30:00
923,in-progress,Resource5,2.28,2.86,2024-01-20 05:00:00
924,completed,Resource7,2.98,2.83,2024-01-20 05:30:00
925,pending,Resource2,4.08,0.59,2024-01-20 06:00:00
926,completed,Resource9,0.49,0.53,2024-01-20 06:30:00
927,completed,Resource8,3.73,1.06,2024-01-20 07:00:00
928,completed,Resource5,0.42,1.49,2024-01-20 07:30:00
929,pending,Resource8,0.41,1.94,2024-01-20 08:00:00
930,pending,Resource1,2.3,0.97,2024-01-20 08:30:00
931,completed,Resource4,1.04,1.49,2024-01-20 09:00:00
932,in-progress,Resource10,2.29,2.19,2024-01-20 09:30:00
933,in-progress,Resource7,1.31,2.42,2024-01-20 10:00:00
934,completed,Resource9,4.55,0.98,2024-01-20 10:30:00
935,in-progress,Resource5,3.65,2.84,2024-01-20 11:00:00
936,pending,Resource2,3.66,2.17,2024-01-20 11:30:00
937,completed,Resource2,1.91,2.03,2024-01-20 12:00:00
938,in-progress,Resource7,1.49,0.12,2024-01-20 12:30:00
939,completed,Resource4,2.3,2.16,2024-01-20 13:00:00
940,pending,Resource6,0.14,2.09,2024-01-20 13:30:00
941,completed,Resource7,2.68,2.21,2024-01-20 14:00:00
942,in-progress,Resource2,1.98,2.31,2024-01-20 14:30:00
943,pending,Resource7,1.43,1.52,2024-01-20 15:00:00
944,completed,Resource2,1.59,2.51,2024-01-20 15:30:00
945,in-progress,Resource1,2.71,0.24,2024-01-20 16:00:00
946,pending,Resource3,2.08,0.04,2024-01-20 16:30:00
947,pending,Resource6,3.34,2.53,2024-01-20 17:00:00
948,in-progress,Resource9,0.83,1.53,2024-01-20 17:30:00
949,pending,Resource4,1.11,1.03,2024-01-20 18:00:00
950,pending,Resource10,0.67,2.86,2024-01-20 18:30:00
951,in-progress,Resource6,2.3,0.94,2024-01-20 19:00:00
952,in-progress,Resource4,3.56,0.64,2024-01-20 19:30:00
953,pending,Resource6,0.48,0.74,2024-01-20 20:00:00
954,in-progress,Resource3,4.18,0.51,2024-01-20 20:30:00
955,pending,Resource7,2.46,1.43,2024-01-20 21:00:00
956,pending,Resource2,2.38,2.52,2024-01-20 21:30:00
957,pending,Resource9,2.0,0.65,2024-01-20 22:00:00
958,completed,Resource8,2.64,2.55,2024-01-20 22:30:00
959,in-progress,Resource3,3.16,1.16,2024-01-20 23:00:00
960,in-progress,Resource2,4.88,1.17,2024-01-20 23:30:00
961,in-progress,Resource7,4.48,0.05,2024-01-21 00:00:00
962,completed,Resource5,4.03,1.69,2024-01-21 00:30:00
963,completed,Resource4,2.19,1.01,2024-01-21 01:00:00
964,in-progress,Resource3,2.73,0.03,2024-01-21 01:30:00
965,pending,Resource6,3.07,0.17,2024-01-21 02:00:00
966,pending,Resource4,1.85,0.56,2024-01-21 02:30:00
967,in-progress,Resource3,0.96,0.78,2024-01-21 03:00:00
968,pending,Resource5,1.83,0.43,2024-01-21 03:30:00
969,in-progress,Resource3,1.93,1.03,2024-01-21 04:00:00
970,completed,Resource5,4.9,1.4,2024-01-21 04:30:00
971,pending,Resource2,4.68,1.82,2024-01-21 05:00:00
972,in-progress,Resource6,4.91,1.94,2024-01-21 05:30:00
973,pending,Resource8,2.06,0.18,2024-01-21 06:00:00
974,pending,Resource9,1.09,2.34,2024-01-21 06:30:00
975,in-progress,Resource10,3.23,1.17,2024-01-21 07:00:00
976,in-progress,Resource9,2.29,0.01,2024-01-21 07:30:00
977,in-progress,Resource1,3.33,1.36,2024-01-21 08:00:00
978,in-progress,Resource9,2.53,2.08,2024-01-21 08:30:00
979,pending,Resource9,4.31,2.81,2024-01-21 09:00:00
980,in-progress,Resource5,0.78,0.13,2024-01-21 09:30:00
981,in-progress,Resource2,0.61,0.82,2024-01-21 10:00:00
982,completed,Resource1,4.74,2.5,2024-01-21 10:30:00
983,completed,Resource3,3.68,0.25,2024-01-21 11:00:00
984,pending,Resource7,4.69,0.17,2024-01-21 11:30:00
985,pending,Resource8,2.11,1.43,2024-01-21 12:00:00
986,in-progress,Resource9,2.92,1.24,2024-01-21 12:30:00
987,pending,Resource10,4.11,0.4,2024-01-21 13:00:00
988,in-progress,Resource10,4.09,1.7,2024-01-21 13:30:00
989,completed,Resource7,0.56,2.76,2024-01-21 14:00:00
990,pending,Resource9,3.4,0.91,2024-01-21 14:30:00
991,in-progress,Resource2,3.84,1.72,2024-01-21 15:00:00
992,in-progress,Resource10,4.96,1.67,2024-01-21 15:30:00
993,pending,Resource3,0.26,0.35,2024-01-21 16:00:00
994,completed,Resource10,2.73,0.05,2024-01-21 16:30:00
995,pending,Resource10,4.64,2.26,2024-01-21 17:00:00
996,in-progress,Resource4,3.28,0.79,2024-01-21 17:30:00
997,pending,Resource3,2.96,2.92,2024-01-21 18:00:00
998,in-progress,Resource7,3.39,0.2,2024-01-21 18:30:00
999,in-progress,Resource5,2.44,2.01,2024-01-21 19:00:00
1000,completed,Resource7,2.64,1.5,2024-01-21 19:30:00
